-- Organization configuration
INSERT INTO "SCORE_BOX"."ORGANIZATION" (ID, NAME) VALUES (1, 'FIFA');
INSERT INTO "SCORE_BOX"."ORGANIZATION" (ID, NAME) VALUES (2, 'UEFA');

-- League configuration
INSERT INTO "SCORE_BOX"."LEAGUE" (ID, NAME, ORGANIZATION_ID) VALUES (1, 'RUSSIA', 1);
INSERT INTO "SCORE_BOX"."LEAGUE" (ID, NAME, ORGANIZATION_ID) VALUES (2, 'SPAIN', 1);
INSERT INTO "SCORE_BOX"."LEAGUE" (ID, NAME, ORGANIZATION_ID) VALUES (3, 'GERMANY', 1);
INSERT INTO "SCORE_BOX"."LEAGUE" (ID, NAME, ORGANIZATION_ID) VALUES (4, 'ITALY', 1);
INSERT INTO "SCORE_BOX"."LEAGUE" (ID, NAME, ORGANIZATION_ID) VALUES (5, 'ENGLAND', 1);
INSERT INTO "SCORE_BOX"."LEAGUE" (ID, NAME, ORGANIZATION_ID) VALUES (6, 'PL', 2);
INSERT INTO "SCORE_BOX"."LEAGUE" (ID, NAME, ORGANIZATION_ID) VALUES (7, 'LA LIGA', 2);
INSERT INTO "SCORE_BOX"."LEAGUE" (ID, NAME, ORGANIZATION_ID) VALUES (8, 'LIGA 1', 2);
INSERT INTO "SCORE_BOX"."LEAGUE" (ID, NAME, ORGANIZATION_ID) VALUES (9, 'SERIE A', 2);
INSERT INTO "SCORE_BOX"."LEAGUE" (ID, NAME, ORGANIZATION_ID) VALUES (10, 'BUNDESLIGA', 2);

-- Team configuration
INSERT INTO "SCORE_BOX"."TEAM" (ID, NAME, LEAGUE_ID) VALUES (1, 'Manchester United', 6);
INSERT INTO "SCORE_BOX"."TEAM" (ID, NAME, LEAGUE_ID) VALUES (2, 'Manchester City', 6);
INSERT INTO "SCORE_BOX"."TEAM" (ID, NAME, LEAGUE_ID) VALUES (3, 'Liverpool', 6);
INSERT INTO "SCORE_BOX"."TEAM" (ID, NAME, LEAGUE_ID) VALUES (4, 'Arsenal', 6);
INSERT INTO "SCORE_BOX"."TEAM" (ID, NAME, LEAGUE_ID) VALUES (5, 'Chelsea', 6);
INSERT INTO "SCORE_BOX"."TEAM" (ID, NAME, LEAGUE_ID) VALUES (6, 'Barcelona', 7);
INSERT INTO "SCORE_BOX"."TEAM" (ID, NAME, LEAGUE_ID) VALUES (7, 'Real Madrid', 7);
INSERT INTO "SCORE_BOX"."TEAM" (ID, NAME, LEAGUE_ID) VALUES (8, 'Atletico Madrid', 7);
INSERT INTO "SCORE_BOX"."TEAM" (ID, NAME, LEAGUE_ID) VALUES (9, 'Valencia', 7);
INSERT INTO "SCORE_BOX"."TEAM" (ID, NAME, LEAGUE_ID) VALUES (10, 'Sevilla', 7);
INSERT INTO "SCORE_BOX"."TEAM" (ID, NAME, LEAGUE_ID) VALUES (11, 'PSG', 8);
INSERT INTO "SCORE_BOX"."TEAM" (ID, NAME, LEAGUE_ID) VALUES (12, 'Marseille', 8);
INSERT INTO "SCORE_BOX"."TEAM" (ID, NAME, LEAGUE_ID) VALUES (13, 'Lille', 8);
INSERT INTO "SCORE_BOX"."TEAM" (ID, NAME, LEAGUE_ID) VALUES (14, 'Nice', 8);
INSERT INTO "SCORE_BOX"."TEAM" (ID, NAME, LEAGUE_ID) VALUES (15, 'Brest', 8);
INSERT INTO "SCORE_BOX"."TEAM" (ID, NAME, LEAGUE_ID) VALUES (16, 'Juventus', 9);
INSERT INTO "SCORE_BOX"."TEAM" (ID, NAME, LEAGUE_ID) VALUES (17, 'Internazionale', 9);
INSERT INTO "SCORE_BOX"."TEAM" (ID, NAME, LEAGUE_ID) VALUES (18, 'Milan', 9);
INSERT INTO "SCORE_BOX"."TEAM" (ID, NAME, LEAGUE_ID) VALUES (19, 'Napoli', 9);
INSERT INTO "SCORE_BOX"."TEAM" (ID, NAME, LEAGUE_ID) VALUES (20, 'Torino', 9);
INSERT INTO "SCORE_BOX"."TEAM" (ID, NAME, LEAGUE_ID) VALUES (21, 'Bayern', 10);
INSERT INTO "SCORE_BOX"."TEAM" (ID, NAME, LEAGUE_ID) VALUES (22, 'Borussia', 10);
INSERT INTO "SCORE_BOX"."TEAM" (ID, NAME, LEAGUE_ID) VALUES (23, 'Shalke', 10);
INSERT INTO "SCORE_BOX"."TEAM" (ID, NAME, LEAGUE_ID) VALUES (24, 'Shtuttgard', 10);
INSERT INTO "SCORE_BOX"."TEAM" (ID, NAME, LEAGUE_ID) VALUES (25, 'Mainz', 10);

-- User configuration
INSERT INTO "SCORE_BOX"."USER" (ID, NAME) VALUES (1, 'Ronaldo');
INSERT INTO "SCORE_BOX"."USER" (ID, NAME) VALUES (2, 'Messi');
INSERT INTO "SCORE_BOX"."USER" (ID, NAME) VALUES (3, 'Rashford');
INSERT INTO "SCORE_BOX"."USER" (ID, NAME) VALUES (4, 'Marsial');
INSERT INTO "SCORE_BOX"."USER" (ID, NAME) VALUES (5, 'Mata');
INSERT INTO "SCORE_BOX"."USER" (ID, NAME) VALUES (6, 'Maktomini');
INSERT INTO "SCORE_BOX"."USER" (ID, NAME) VALUES (7, 'James');
INSERT INTO "SCORE_BOX"."USER" (ID, NAME) VALUES (8, 'Pique');
INSERT INTO "SCORE_BOX"."USER" (ID, NAME) VALUES (9, 'Ramos');
INSERT INTO "SCORE_BOX"."USER" (ID, NAME) VALUES (10, 'Lukaku');
INSERT INTO "SCORE_BOX"."USER" (ID, NAME) VALUES (11, 'Anton');
INSERT INTO "SCORE_BOX"."USER" (ID, NAME) VALUES (12, 'Sekatski');
INSERT INTO "SCORE_BOX"."USER" (ID, NAME) VALUES (13, 'Monich');
INSERT INTO "SCORE_BOX"."USER" (ID, NAME) VALUES (14, 'Meshkov');
INSERT INTO "SCORE_BOX"."USER" (ID, NAME) VALUES (15, 'Kurilo');
INSERT INTO "SCORE_BOX"."USER" (ID, NAME) VALUES (16, 'Dzuba');
INSERT INTO "SCORE_BOX"."USER" (ID, NAME) VALUES (17, 'Van Der Sar');
INSERT INTO "SCORE_BOX"."USER" (ID, NAME) VALUES (18, 'Maguier');
INSERT INTO "SCORE_BOX"."USER" (ID, NAME) VALUES (19, 'Stallone');
INSERT INTO "SCORE_BOX"."USER" (ID, NAME) VALUES (20, 'Belkevich');
INSERT INTO "SCORE_BOX"."USER" (ID, NAME) VALUES (21, 'Rivaldo');
INSERT INTO "SCORE_BOX"."USER" (ID, NAME) VALUES (22, 'Neymar');
INSERT INTO "SCORE_BOX"."USER" (ID, NAME) VALUES (23, 'Veratti');
INSERT INTO "SCORE_BOX"."USER" (ID, NAME) VALUES (24, 'Indzagi');
INSERT INTO "SCORE_BOX"."USER" (ID, NAME) VALUES (25, 'Khrapko');

INSERT INTO "SCORE_BOX"."TEAM_USER" (ID, TEAM_ID, USER_ID) VALUES (1, 1, 1);
INSERT INTO "SCORE_BOX"."TEAM_USER" (ID, TEAM_ID, USER_ID) VALUES (2, 1, 2);
INSERT INTO "SCORE_BOX"."TEAM_USER" (ID, TEAM_ID, USER_ID) VALUES (3, 2, 3);
INSERT INTO "SCORE_BOX"."TEAM_USER" (ID, TEAM_ID, USER_ID) VALUES (4, 2, 4);
INSERT INTO "SCORE_BOX"."TEAM_USER" (ID, TEAM_ID, USER_ID) VALUES (5, 3, 5);
INSERT INTO "SCORE_BOX"."TEAM_USER" (ID, TEAM_ID, USER_ID) VALUES (6, 3, 6);
INSERT INTO "SCORE_BOX"."TEAM_USER" (ID, TEAM_ID, USER_ID) VALUES (7, 4, 7);
INSERT INTO "SCORE_BOX"."TEAM_USER" (ID, TEAM_ID, USER_ID) VALUES (8, 4, 8);
INSERT INTO "SCORE_BOX"."TEAM_USER" (ID, TEAM_ID, USER_ID) VALUES (9, 5, 9);
INSERT INTO "SCORE_BOX"."TEAM_USER" (ID, TEAM_ID, USER_ID) VALUES (10,5, 10);
INSERT INTO "SCORE_BOX"."TEAM_USER" (ID, TEAM_ID, USER_ID) VALUES (11,6, 11);
INSERT INTO "SCORE_BOX"."TEAM_USER" (ID, TEAM_ID, USER_ID) VALUES (12,6, 12);
INSERT INTO "SCORE_BOX"."TEAM_USER" (ID, TEAM_ID, USER_ID) VALUES (13,7, 13);
INSERT INTO "SCORE_BOX"."TEAM_USER" (ID, TEAM_ID, USER_ID) VALUES (14,7, 14);
INSERT INTO "SCORE_BOX"."TEAM_USER" (ID, TEAM_ID, USER_ID) VALUES (15,8, 15);
INSERT INTO "SCORE_BOX"."TEAM_USER" (ID, TEAM_ID, USER_ID) VALUES (16,8, 16);
INSERT INTO "SCORE_BOX"."TEAM_USER" (ID, TEAM_ID, USER_ID) VALUES (17,9, 17);
INSERT INTO "SCORE_BOX"."TEAM_USER" (ID, TEAM_ID, USER_ID) VALUES (18,9, 18);
INSERT INTO "SCORE_BOX"."TEAM_USER" (ID, TEAM_ID, USER_ID) VALUES (19,10, 19);
INSERT INTO "SCORE_BOX"."TEAM_USER" (ID, TEAM_ID, USER_ID) VALUES (20,10, 20);
INSERT INTO "SCORE_BOX"."TEAM_USER" (ID, TEAM_ID, USER_ID) VALUES (21,11, 21);
INSERT INTO "SCORE_BOX"."TEAM_USER" (ID, TEAM_ID, USER_ID) VALUES (22,11, 22);
INSERT INTO "SCORE_BOX"."TEAM_USER" (ID, TEAM_ID, USER_ID) VALUES (23,12, 23);
INSERT INTO "SCORE_BOX"."TEAM_USER" (ID, TEAM_ID, USER_ID) VALUES (24,12, 24);
INSERT INTO "SCORE_BOX"."TEAM_USER" (ID, TEAM_ID, USER_ID) VALUES (25,13, 25);